[{"comment": "", "extends": "", "type": "struct", "name": "AddRequest", "fields": [{"comment": "", "optional": false, "is_array": false, "type": "string", "name": "clase"}, {"comment": "", "optional": false, "is_array": false, "type": "string", "name": "metodo"}, {"comment": "", "optional": false, "is_array": true, "type": "string", "name": "codusuarios"}]}, {"comment": "", "functions": [{"comment": "", "returns": {"optional": false, "is_array": false, "type": "string"}, "params": [{"is_array": false, "type": "AddRequest", "name": "req"}], "name": "add"}], "type": "interface", "name": "Calculator"}, {"barrister_version": "0.1.5", "type": "meta", "date_generated": 1387407935227, "checksum": "e90ace59cf77dfec1570ceb031be754d"}]