[{"type": "comment", "value": "The Calculator service is easy to use.\n\nExamples\n--------\n\n    x = lista.lista(10, 30)\n    # x == 40\n\n    y = lista.lista(44, 10)\n    # y == 34"}, {"comment": "", "functions": [{"comment": "Retornar lista", "returns": {"optional": false, "is_array": true, "type": "int"}, "params": [{"is_array": false, "type": "int", "name": "a"}, {"is_array": false, "type": "int", "name": "b"}], "name": "lista"}], "type": "interface", "name": "Lista"}, {"barrister_version": "0.1.5", "type": "meta", "date_generated": 1370832175850, "checksum": "d14a9c5ff744b5dc5d8bcadb33a2b520"}]